Cycle_ind,HS_L,HS_R,gct_L,gct_R,cadence_L,cadence_R,stance_L,stance_R,swing_L,swing_R,LDr_L,LDr_R,FFr_L,FFr_R,PUr_L,PUr_R,DS_L,DS_R,slength_L,slength_R,speed_L,speed_R,peakswing_L,peakswing_R,mtcS_L,mtcS_R,TA_L,TA_R,HSP_L,HSP_R,TOP_L,TOP_R,swidth_L,swidth_R,PathLength_L,PathLength_R,maxHC_L,maxHC_R,maxTC1_L,maxTC1_R,minTC_L,minTC_R,maxTC2_L,maxTC2_R
3,,38.115,,15.645,,7.67,,96.16,,3.84,,0.33,,98.67,,1.00,,,,0.082,,0.033,,638.4,,,,-0.9,,9.17,,-33.20,,0.037,,550.72,,0.165,,,,,,
4,42.745,39.280,4.640,1.165,25.86,103.00,88.69,61.80,11.31,38.20,1.22,6.94,94.78,77.08,4.01,15.97,73.62,73.62,0.771,0.050,0.187,0.073,149.8,664.1,,,-2.2,1.3,9.52,0.92,-30.90,-34.63,0.038,0.047,115.66,445.84,0.187,0.165,,,,,,
5,47.740,44.000,4.995,4.720,24.02,25.42,92.59,84.75,7.41,15.25,1.08,1.25,96.86,92.75,2.05,6.00,83.33,83.33,0.325,0.857,0.101,0.218,143.8,225.1,,,1.8,-0.0,8.97,7.84,-13.98,-62.01,-0.020,-0.174,111.05,151.67,0.055,0.482,,,,,,
6,49.190,48.500,1.450,4.500,82.76,26.67,62.07,91.56,37.93,8.44,5.56,1.21,78.89,93.45,15.56,5.34,30.30,30.30,1.049,0.463,0.753,0.167,305.6,254.3,,,-1.8,5.3,26.70,23.44,-52.58,-21.32,0.023,-0.026,108.57,122.48,0.248,0.119,,,,,,
7,50.435,49.820,1.245,1.320,96.39,90.91,64.26,71.97,35.74,28.03,8.12,6.84,70.00,65.26,21.88,27.89,29.87,29.87,0.996,0.850,0.849,0.739,339.2,364.6,2.984,2.996,3.5,-1.5,28.37,20.83,-46.45,-57.96,0.073,0.047,111.82,110.89,0.239,0.275,0.048,0.037,0.035,0.027,0.219,0.141
8,51.580,50.975,1.145,1.155,104.80,103.90,58.95,68.40,41.05,31.60,14.81,6.96,59.26,65.19,25.93,27.85,27.39,27.39,0.962,0.992,0.897,0.859,285.2,399.6,2.845,3.504,-2.5,6.3,26.37,24.02,-44.92,-63.52,0.098,-0.104,113.81,115.72,0.218,0.299,0.031,0.046,0.027,0.031,0.205,0.174
9,52.745,52.180,1.165,1.205,103.00,99.59,65.67,66.39,34.33,33.61,11.76,8.75,56.86,60.00,31.37,31.25,29.06,29.06,1.157,1.014,1.018,0.910,366.6,439.4,3.495,3.518,0.3,-7.4,22.26,28.12,-66.67,-64.78,-0.026,-0.025,105.94,108.91,0.294,0.313,0.033,0.056,0.001,0.039,0.170,0.203
10,53.965,53.350,1.220,1.170,98.36,102.56,66.39,63.25,33.61,36.75,9.88,6.76,64.20,62.84,25.93,30.41,32.10,32.10,0.964,1.037,0.850,0.879,350.3,337.0,3.212,3.060,-0.5,-1.0,23.13,28.25,-63.35,-57.79,0.034,0.019,112.84,106.72,0.291,0.272,0.046,0.034,0.009,0.010,0.179,0.177
11,55.190,54.565,1.225,1.215,97.96,98.77,64.08,65.84,35.92,34.16,9.55,11.25,62.42,60.00,28.03,28.75,33.76,33.76,1.011,1.008,0.856,0.837,336.4,372.6,3.125,3.136,3.6,4.1,19.89,28.01,-64.34,-64.26,-0.019,-0.057,107.73,113.37,0.288,0.297,0.038,0.044,0.001,0.026,0.158,0.210
12,56.385,55.750,1.195,1.185,100.42,101.27,57.74,70.89,42.26,29.11,7.25,8.93,73.91,64.88,18.84,26.19,26.21,26.21,1.019,0.891,0.880,0.785,290.8,362.0,3.015,,2.0,1.6,22.86,22.67,-46.35,-58.84,-0.055,0.054,110.36,111.94,0.239,0.248,0.046,,0.029,,0.187,
13,57.595,56.990,1.210,1.240,99.17,96.77,64.46,66.94,35.54,33.06,10.90,8.43,60.90,62.05,28.21,29.52,31.56,31.56,1.102,1.108,0.992,0.966,360.2,355.1,3.465,3.390,-4.2,-2.4,23.59,27.67,-66.57,-63.89,0.063,0.039,112.04,111.60,0.326,0.303,0.073,0.050,0.020,0.027,0.188,0.202
14,58.815,58.210,1.220,1.220,98.36,98.36,65.57,66.80,34.43,33.20,10.00,9.20,61.25,59.51,28.75,31.29,33.88,33.88,1.176,1.079,0.932,0.971,370.9,366.2,3.554,3.297,1.0,-2.2,22.63,30.11,-73.27,-67.34,0.039,-0.062,108.19,112.77,0.328,0.308,0.054,0.045,0.001,0.031,0.178,0.228
15,60.065,59.420,1.250,1.210,96.00,99.17,64.00,68.60,36.00,31.40,10.00,7.83,65.62,63.25,24.38,28.92,30.56,30.56,1.080,1.047,0.945,0.929,316.5,388.5,3.071,3.244,1.9,3.8,22.87,23.58,-58.41,-68.60,0.045,-0.009,108.34,106.85,0.288,0.315,0.058,0.050,0.016,0.031,0.176,0.180
16,61.310,60.680,1.245,1.260,96.39,95.24,64.26,66.27,35.74,33.73,10.62,5.99,61.25,65.27,28.12,28.74,31.05,31.05,1.203,1.007,0.986,0.839,339.4,343.1,3.462,3.203,0.2,-2.2,22.49,26.86,-68.24,-67.98,0.030,-0.056,104.40,116.56,0.327,0.336,0.065,0.071,0.014,0.029,0.168,0.185
17,62.520,61.920,1.210,1.240,99.17,96.77,65.70,66.94,34.30,33.06,8.81,8.43,63.52,62.05,27.67,29.52,30.83,30.83,1.124,0.998,0.950,0.900,349.4,378.3,3.511,3.172,-2.2,2.8,21.99,24.44,-67.70,-66.28,0.031,0.049,105.43,112.62,0.320,0.306,0.060,0.044,0.013,0.010,0.166,0.160
18,63.730,63.120,1.210,1.200,99.17,100.00,66.53,65.42,33.47,34.58,9.32,7.01,62.73,63.69,27.95,29.30,33.20,33.20,1.014,0.982,0.843,0.852,348.6,394.9,3.323,3.148,1.3,-1.3,22.21,25.98,-65.82,-64.67,0.035,-0.017,108.39,112.86,0.308,0.311,0.052,0.054,0.004,0.012,0.170,0.167
19,64.960,64.325,1.230,1.205,97.56,99.59,65.04,66.80,34.96,33.20,9.38,10.56,65.00,60.25,25.62,29.19,32.10,32.10,1.133,0.939,0.969,0.845,350.2,355.2,3.309,3.181,1.8,2.5,24.84,26.89,-64.74,-65.89,0.052,0.031,106.85,114.79,0.319,0.309,0.066,0.049,0.020,0.028,0.187,0.185
20,66.150,65.540,1.190,1.215,100.84,98.77,64.71,67.49,35.29,32.51,10.39,8.54,59.74,62.80,29.87,28.66,32.38,32.38,1.131,1.104,0.959,0.957,354.3,393.6,3.330,3.435,-1.2,1.7,20.09,29.86,-69.06,-64.17,-0.020,-0.086,104.19,113.41,0.313,0.291,0.052,0.033,,0.012,0.154,0.194
21,67.355,66.760,1.205,1.220,99.59,98.36,65.15,66.80,34.85,33.20,8.28,11.66,64.97,60.12,26.75,28.22,29.92,29.92,1.024,1.053,0.872,0.905,354.5,361.2,3.250,3.289,-0.2,-2.7,20.38,27.89,-64.62,-64.25,0.031,0.022,109.05,108.83,0.320,0.311,0.072,0.055,0.016,0.027,0.156,0.192
22,68.575,67.980,1.220,1.220,98.36,98.36,65.57,64.34,34.43,35.66,6.88,9.55,66.88,64.97,26.25,25.48,28.33,28.33,1.068,0.955,0.899,0.872,358.2,339.0,3.366,2.947,0.9,0.7,21.69,22.15,-63.02,-54.17,0.036,0.055,106.12,111.46,0.304,0.251,0.057,0.028,0.008,0.003,0.155,0.148
23,69.735,69.145,1.160,1.165,103.45,103.00,65.52,64.38,34.48,35.62,7.89,7.33,65.79,61.33,26.32,31.33,31.03,31.03,0.983,0.970,0.897,0.866,336.9,378.6,3.205,3.150,0.9,2.1,20.20,22.27,-60.78,-65.28,0.018,-0.039,107.49,111.68,0.277,0.304,0.039,0.047,0.005,0.016,0.151,0.155
24,70.910,70.305,1.175,1.160,102.13,103.45,58.72,65.52,41.28,34.48,7.25,7.89,70.29,63.82,22.46,28.29,25.31,25.31,1.054,1.037,0.913,0.959,334.0,382.7,3.272,3.382,-2.0,-2.9,22.78,27.67,-61.70,-62.49,0.036,-0.024,110.17,112.87,0.303,0.295,0.062,0.047,0.025,0.031,0.185,0.200
25,72.125,71.510,1.215,1.205,98.77,99.59,65.43,65.56,34.57,34.44,10.06,10.13,62.26,61.39,27.67,28.48,32.27,32.27,1.021,0.991,0.862,0.859,352.8,343.0,3.301,3.178,1.5,4.5,21.94,26.02,-66.82,-63.77,0.030,-0.021,109.21,114.00,0.317,0.315,0.058,0.061,0.016,0.035,0.172,0.187
26,73.385,72.765,1.260,1.255,95.24,95.62,65.48,65.74,34.52,34.26,8.48,7.88,64.24,62.42,27.27,29.70,31.12,31.12,1.056,0.987,0.873,0.872,326.3,324.4,3.207,3.021,1.0,-3.8,18.36,26.22,-66.98,-65.23,0.031,-0.077,108.05,116.14,0.325,0.298,0.067,0.043,0.010,0.023,0.140,0.186
27,74.615,73.970,1.230,1.205,97.56,99.59,56.91,67.22,43.09,32.78,7.14,8.02,72.14,63.58,20.71,28.40,25.00,25.00,1.057,1.050,0.906,0.905,327.9,397.9,3.212,3.367,5.7,6.1,24.37,25.50,-60.13,-65.26,0.086,0.064,113.52,110.94,0.290,0.299,0.054,0.042,0.023,0.021,0.202,0.185
28,75.830,75.210,1.215,1.240,98.77,96.77,60.49,67.74,39.51,32.26,11.56,8.33,67.35,61.31,21.09,30.36,27.84,27.84,1.006,0.982,0.851,0.890,374.5,366.6,3.265,3.210,-6.1,-0.0,24.05,26.74,-64.23,-67.78,0.044,0.083,111.12,117.05,0.319,0.312,0.065,0.046,0.020,0.019,0.187,0.176
29,77.095,76.485,1.265,1.275,94.86,94.12,67.59,65.49,32.41,34.51,12.28,8.98,60.23,62.28,27.49,28.74,31.58,31.58,1.087,1.095,0.934,0.870,384.8,357.8,3.449,3.087,-0.1,-3.9,25.28,28.37,-67.17,-66.69,0.032,-0.058,108.50,109.84,0.311,0.297,0.051,0.034,0.013,0.010,0.200,0.199
30,78.335,77.720,1.240,1.235,96.77,97.17,66.94,64.78,33.06,35.22,11.45,10.62,62.65,61.25,25.90,28.12,32.24,32.24,0.968,1.059,0.827,0.907,336.6,317.3,3.150,3.030,-0.7,3.5,24.66,24.61,-62.20,-60.41,0.050,0.022,114.47,107.04,0.303,0.264,0.059,0.022,0.034,0.006,0.213,0.171
31,79.560,78.945,1.225,1.225,97.96,97.96,66.12,65.71,33.88,34.29,11.73,9.94,63.58,60.25,24.69,29.81,32.20,32.20,1.054,1.029,0.900,0.891,352.6,333.0,3.252,3.154,-1.5,3.2,23.07,22.21,-56.90,-66.33,0.018,-0.019,105.56,108.08,0.261,0.296,0.039,0.035,0.018,0.013,0.179,0.154
32,80.715,80.125,1.155,1.180,103.90,101.69,66.23,67.37,33.77,32.63,11.11,7.55,58.82,63.52,30.07,28.93,30.77,30.77,1.037,1.029,0.926,0.855,374.0,390.0,3.470,3.319,2.1,-4.4,21.36,26.76,-66.88,-61.61,0.042,0.034,107.78,108.39,0.302,0.291,0.044,0.045,0.005,0.035,0.165,0.199
33,81.970,81.360,1.255,1.235,95.62,97.17,66.53,62.35,33.47,37.65,9.58,10.39,62.28,62.34,28.14,27.27,28.86,28.86,1.098,1.009,0.897,0.868,367.5,336.3,3.427,2.983,3.7,-3.8,26.54,28.54,-67.76,-56.80,-0.016,-0.021,108.35,112.76,0.326,0.295,0.067,0.059,0.017,0.029,0.198,0.200
34,83.180,82.590,1.210,1.230,99.17,97.56,66.12,63.01,33.88,36.99,10.00,9.03,62.50,62.58,27.50,28.39,30.40,30.40,1.179,1.242,0.976,1.030,375.9,377.6,3.669,3.504,-5.2,2.5,23.37,33.18,-70.56,-64.02,0.048,-0.039,107.62,109.30,0.347,0.306,0.081,0.056,0.034,0.032,0.206,0.250
35,84.435,83.840,1.255,1.250,95.62,96.00,66.53,63.20,33.47,36.80,9.58,10.76,65.27,63.29,25.15,25.95,28.05,28.05,1.029,0.949,0.854,0.871,361.2,307.1,3.327,2.876,4.6,-0.1,28.05,23.47,-63.83,-56.75,0.046,0.027,114.80,114.44,0.299,0.273,0.054,0.044,0.022,0.021,0.226,0.173
36,85.685,85.070,1.250,1.230,96.00,97.56,66.80,62.20,33.20,37.80,13.17,7.84,60.48,64.05,26.35,28.10,31.51,31.51,1.123,1.170,0.937,0.901,390.4,349.9,3.482,3.296,1.2,0.0,25.41,29.78,-63.08,-59.09,0.031,0.046,107.29,110.81,0.297,0.286,0.055,0.047,0.024,0.016,0.203,0.203
37,86.870,86.260,1.185,1.190,101.27,100.84,58.65,66.39,41.35,33.61,10.79,10.13,67.63,61.39,21.58,28.48,26.61,26.61,1.182,1.196,1.034,1.089,362.1,422.4,3.450,3.616,-1.3,2.5,26.66,31.32,-63.73,-67.68,0.053,0.031,111.80,109.31,0.322,0.295,0.075,0.034,0.033,0.024,0.232,0.252
38,88.105,87.500,1.235,1.240,97.17,96.77,66.80,66.13,33.20,33.87,12.12,10.98,60.00,59.76,27.88,29.27,32.22,32.22,1.028,1.060,0.892,0.941,354.0,354.2,3.289,3.214,-1.4,2.6,24.21,26.51,-67.45,-65.73,0.036,-0.027,110.97,110.38,0.326,0.298,0.067,0.042,0.026,0.009,0.197,0.177
39,89.340,88.695,1.235,1.195,97.17,100.42,64.78,66.53,35.22,33.47,11.25,9.43,63.75,61.64,25.00,28.93,34.12,34.12,1.006,0.997,0.841,0.846,327.0,406.3,3.026,3.266,-0.5,-3.4,22.04,28.40,-61.00,-69.77,0.063,-0.051,112.31,112.96,0.296,0.312,0.053,0.043,0.022,0.013,0.180,0.204
40,90.600,89.970,1.260,1.275,95.24,94.12,65.87,68.24,34.13,31.76,10.24,12.07,62.65,59.20,27.11,28.74,31.64,31.64,1.068,1.036,0.901,0.887,344.5,369.4,3.298,3.212,-0.9,5.9,21.77,25.62,-65.27,-63.80,0.016,-0.068,107.57,112.34,0.308,0.309,0.060,0.051,0.024,0.016,0.184,0.159
41,91.860,91.250,1.260,1.280,95.24,93.75,66.27,65.23,33.73,34.77,9.58,8.98,62.87,62.87,27.54,28.14,30.77,30.77,1.182,0.954,0.965,0.857,345.1,340.7,3.424,3.065,1.4,-5.3,19.74,29.89,-69.64,-61.71,0.021,0.054,104.22,120.46,0.315,0.293,0.051,0.043,0.007,0.019,0.155,0.199
42,93.105,92.485,1.245,1.235,96.39,97.17,65.46,65.18,34.54,34.82,8.59,6.83,63.19,64.60,28.22,28.57,30.80,30.80,0.969,0.925,0.824,0.756,322.9,330.4,3.057,2.918,-1.1,1.2,18.73,27.57,-65.93,-62.06,0.021,-0.025,109.87,117.17,0.304,0.283,0.049,0.035,,0.020,0.134,0.195
43,94.365,93.735,1.260,1.250,95.24,96.00,64.68,65.20,35.32,34.80,6.13,7.98,66.87,64.42,26.99,27.61,32.23,32.23,1.167,0.937,0.891,0.874,332.3,352.8,3.391,,1.7,-4.3,24.78,30.86,-65.28,-62.33,0.032,0.036,106.02,120.58,0.300,0.264,0.049,,0.007,,0.186,
44,95.575,94.945,1.210,1.210,99.17,99.17,64.46,69.01,35.54,30.99,11.54,9.58,63.46,63.47,25.00,26.95,32.40,32.40,1.086,1.150,0.950,1.047,347.9,406.7,3.204,3.458,0.5,5.9,24.82,27.10,-65.92,-68.66,0.022,-0.039,107.51,107.25,0.310,0.312,0.051,0.047,0.006,0.038,0.186,0.212
45,96.790,96.195,1.215,1.250,98.77,96.00,67.08,66.80,32.92,33.20,11.04,10.78,60.74,59.88,28.22,29.34,31.82,31.82,1.131,0.991,0.937,0.881,359.4,361.4,3.544,3.191,-2.2,1.3,23.06,28.16,-69.78,-66.65,0.027,0.060,106.92,118.59,0.321,0.342,0.053,0.077,0.013,0.038,0.187,0.195
46,98.035,97.405,1.245,1.210,96.39,99.17,64.26,64.88,35.74,35.12,10.00,8.92,62.50,61.15,27.50,29.94,32.26,32.26,1.107,1.047,0.936,0.874,339.1,353.8,3.257,3.208,1.4,-0.8,24.61,25.64,-60.72,-60.05,0.050,0.022,106.97,109.01,0.282,0.262,0.045,0.019,0.025,,0.204,0.142
47,99.275,98.645,1.240,1.240,96.77,96.77,64.11,68.15,35.89,31.85,8.18,10.06,64.15,59.76,27.67,30.18,30.24,30.24,1.248,0.968,1.001,0.841,342.2,382.6,3.480,3.397,3.4,3.9,25.69,28.40,-64.31,-66.80,0.023,-0.067,106.27,123.46,0.301,0.327,0.050,0.060,0.018,0.025,0.208,0.182
48,100.500,99.885,1.225,1.240,97.96,96.77,66.53,66.13,33.47,33.87,10.43,10.37,61.96,60.37,27.61,29.27,31.84,31.84,1.018,1.086,0.880,0.973,375.4,364.9,3.278,3.232,-4.0,-3.0,26.54,28.88,-67.07,-65.83,0.060,0.068,112.28,110.16,0.311,0.279,0.050,0.018,0.016,0.000,0.208,0.187
49,101.710,101.110,1.210,1.225,99.17,97.96,65.70,65.31,34.30,34.69,10.69,11.25,62.26,60.00,27.04,28.75,30.54,30.54,1.088,0.952,0.963,0.853,376.3,368.6,3.437,3.049,3.2,-1.4,24.23,25.21,-65.79,-61.03,0.025,-0.051,108.37,116.85,0.304,0.304,0.055,0.056,0.019,0.023,0.197,0.171
50,102.915,102.305,1.205,1.195,99.59,100.42,65.15,65.27,34.85,34.73,10.83,8.97,63.06,62.82,26.11,28.21,31.98,31.98,1.084,1.056,0.897,0.944,361.2,405.4,3.290,3.258,2.2,5.4,23.08,26.14,-64.58,-65.90,0.032,-0.062,107.68,111.41,0.302,0.318,0.052,0.062,0.015,0.037,0.186,0.200
51,104.120,103.540,1.205,1.235,99.59,97.17,65.15,65.99,34.85,34.01,10.83,9.82,63.06,60.74,26.11,29.45,30.00,30.00,1.106,1.145,0.940,1.014,366.4,372.2,3.467,3.457,-2.1,0.3,22.20,24.92,-69.51,-68.04,0.013,-0.020,106.33,106.23,0.328,0.323,0.063,0.057,0.006,0.023,0.166,0.173
52,105.360,104.740,1.240,1.200,96.77,100.00,65.32,65.00,34.68,35.00,9.88,7.05,64.81,62.82,25.31,30.13,30.80,30.80,1.116,1.032,0.937,0.857,349.2,380.3,3.400,3.224,1.4,-2.4,23.24,27.06,-65.47,-69.05,-0.012,0.031,107.33,110.55,0.317,0.315,0.065,0.047,0.012,0.015,0.174,0.193
53,106.615,105.990,1.255,1.250,95.62,96.00,66.14,65.20,33.86,34.80,9.64,10.43,65.06,61.96,25.30,27.61,32.52,32.52,1.022,1.007,0.802,0.831,349.6,385.8,3.132,3.128,-1.9,0.3,22.05,27.60,-64.92,-64.99,0.029,-0.030,107.80,113.22,0.313,0.309,0.062,0.053,0.016,0.022,0.167,0.195
54,107.840,107.220,1.225,1.230,97.96,97.56,66.12,67.07,33.88,32.93,9.26,10.30,63.58,63.03,27.16,26.67,33.61,33.61,1.058,1.001,0.931,0.834,335.7,373.7,3.220,3.133,1.8,-1.2,22.07,28.18,-65.70,-62.66,0.041,-0.048,109.77,111.36,0.322,0.294,0.069,0.046,0.037,0.025,0.206,0.209
55,109.040,108.440,1.200,1.220,100.00,98.36,65.42,67.62,34.58,32.38,11.46,9.70,61.15,61.82,27.39,28.48,31.65,31.65,1.126,1.105,0.976,0.980,359.8,360.0,3.429,3.379,-1.2,6.5,23.38,25.84,-63.69,-66.22,0.040,-0.031,107.97,107.61,0.302,0.318,0.052,0.059,0.004,0.040,0.163,0.199
56,110.225,109.625,1.185,1.185,101.27,101.27,65.82,66.67,34.18,33.33,10.26,8.23,64.10,62.03,25.64,29.75,31.15,31.15,0.932,0.996,0.822,0.859,357.6,392.3,3.197,3.216,1.1,-3.6,22.48,24.61,-61.97,-67.41,0.022,0.044,112.70,109.13,0.287,0.295,0.045,0.031,0.010,0.007,0.176,0.158
57,111.455,110.845,1.230,1.220,97.56,98.36,66.67,64.34,33.33,35.66,9.76,8.92,64.02,61.78,26.22,29.30,31.28,31.28,1.036,1.112,0.866,0.882,366.5,348.7,3.378,3.240,-4.2,-3.0,25.74,27.88,-67.73,-63.33,0.027,0.045,109.75,107.77,0.319,0.287,0.056,0.033,0.012,0.002,0.189,0.172
58,112.685,112.060,1.230,1.215,97.56,98.77,65.45,65.02,34.55,34.98,10.56,9.49,60.25,61.39,29.19,29.11,31.56,31.56,1.050,1.061,0.905,0.965,358.4,362.2,3.279,3.230,1.5,2.7,22.93,26.37,-67.36,-65.99,0.022,-0.024,107.89,107.27,0.308,0.290,0.046,0.033,0.010,0.009,0.175,0.179
59,113.880,113.280,1.195,1.220,100.42,98.36,65.69,66.39,34.31,33.61,7.64,9.88,63.06,60.49,29.30,29.63,31.15,31.15,1.161,1.027,0.955,0.894,363.3,379.8,3.522,3.320,-2.0,-0.1,22.24,28.65,-66.22,-70.20,0.050,-0.055,106.93,114.98,0.313,0.351,0.056,0.077,0.027,0.040,0.189,0.206
60,115.095,114.500,1.215,1.220,98.77,98.36,66.67,64.75,33.33,35.25,9.26,11.39,64.20,63.92,26.54,24.68,30.08,30.08,0.989,1.018,0.871,0.848,363.8,367.5,3.237,3.038,2.8,-0.9,25.34,28.11,-63.09,-53.72,-0.024,0.068,112.82,112.81,0.290,0.268,0.045,0.043,0.011,0.023,0.195,0.191
61,116.310,115.680,1.215,1.180,98.77,101.69,64.61,64.41,35.39,35.59,11.46,10.53,59.87,61.84,28.66,27.63,32.64,32.64,1.167,1.081,0.986,0.975,354.6,366.8,3.470,3.256,0.1,1.8,25.02,31.04,-64.60,-59.24,0.034,-0.078,106.66,111.83,0.301,0.299,0.054,0.060,0.026,0.041,0.206,0.233
62,117.500,116.890,1.190,1.210,100.84,99.17,64.29,68.18,35.71,31.82,12.42,12.12,59.48,58.79,28.10,29.09,30.99,30.99,1.100,1.044,0.947,0.889,368.3,424.6,3.426,3.386,1.3,3.9,24.49,29.74,-65.31,-67.18,0.080,-0.048,108.99,110.36,0.299,0.313,0.044,0.048,0.010,0.033,0.190,0.221
63,118.740,118.100,1.240,1.210,96.77,99.17,64.92,66.12,35.08,33.88,11.18,11.25,60.87,60.00,27.95,28.75,32.00,32.00,1.123,1.129,0.959,0.951,357.9,392.1,3.349,3.369,1.1,-1.3,24.67,29.86,-65.74,-64.38,0.036,-0.076,106.21,112.20,0.301,0.308,0.046,0.053,0.013,0.042,0.192,0.228
64,119.960,119.350,1.220,1.250,98.36,96.00,65.98,66.80,34.02,33.20,10.56,10.78,61.49,61.68,27.95,27.54,31.12,31.12,1.126,1.237,0.948,1.036,344.5,359.1,3.389,3.442,0.3,-3.0,21.54,27.32,-64.32,-65.32,-0.013,-0.070,105.10,107.10,0.292,0.295,0.042,0.036,0.002,0.016,0.155,0.186
65,121.175,120.555,1.215,1.205,98.77,99.59,65.02,65.56,34.98,34.44,8.23,9.49,62.03,62.66,29.75,27.85,25.73,25.73,1.098,1.068,0.904,0.967,334.3,382.9,3.292,3.276,2.8,3.4,20.89,28.05,-68.66,-63.12,0.026,-0.044,106.39,110.29,0.313,0.298,0.049,0.048,0.011,0.039,0.163,0.220
66,122.380,121.760,1.205,1.205,99.59,99.59,63.49,61.00,36.51,39.00,7.19,10.20,66.67,68.03,26.14,21.77,30.45,30.45,1.037,1.027,0.895,0.842,332.3,371.0,3.154,,0.5,-0.2,23.24,26.41,-59.64,-60.73,0.041,-0.034,111.00,108.66,0.278,0.279,0.047,,0.020,,0.191,
67,123.580,122.975,1.200,1.215,100.00,98.77,64.58,66.67,35.42,33.33,10.97,8.64,60.00,62.96,29.03,28.40,31.91,31.91,0.989,1.008,0.910,0.887,346.4,385.2,3.233,3.357,-4.0,0.9,22.29,27.33,-69.65,-65.95,0.056,0.032,116.37,114.24,0.336,0.323,0.072,0.062,0.032,0.037,0.200,0.204
68,124.745,124.150,1.165,1.175,103.00,102.13,66.52,68.09,33.48,31.91,10.97,6.25,62.58,65.00,26.45,28.75,32.64,32.64,0.985,1.069,0.898,0.973,358.3,401.9,3.212,,3.2,-6.9,23.10,27.91,-63.56,-66.80,0.039,0.073,109.58,110.20,0.320,0.277,0.065,,0.015,,0.164,
69,125.975,125.360,1.230,1.210,97.56,99.17,66.26,64.88,33.74,35.12,9.20,8.92,65.64,60.51,25.15,30.57,32.64,32.64,1.162,1.074,0.948,0.910,350.2,375.0,3.453,3.227,-0.2,2.4,24.04,30.36,-64.57,-64.07,0.026,-0.072,107.51,111.32,0.314,0.318,0.067,0.061,0.036,0.029,0.209,0.210
70,127.155,126.555,1.180,1.195,101.69,100.42,63.14,67.36,36.86,32.64,10.74,11.80,62.42,60.25,26.85,27.95,28.99,28.99,1.039,0.948,0.938,0.904,341.5,373.3,3.235,3.244,-2.1,3.7,24.16,22.66,-62.27,-65.51,0.051,0.102,110.54,120.82,0.284,0.309,0.039,0.050,0.007,0.032,0.188,0.171
71,128.370,127.745,1.215,1.190,98.77,100.84,65.43,65.55,34.57,34.45,9.43,8.33,64.78,61.54,25.79,30.13,31.35,31.35,1.051,0.978,0.897,0.946,340.2,361.8,3.289,3.121,-2.1,-2.2,24.26,27.50,-62.87,-66.50,0.030,0.072,110.31,117.64,0.294,0.292,0.049,0.030,0.015,0.016,0.192,0.197
72,129.610,129.005,1.240,1.260,96.77,95.24,67.74,64.68,32.26,35.32,8.93,11.66,62.50,61.96,28.57,26.38,31.98,31.98,1.052,1.052,0.866,0.914,386.1,367.4,3.366,3.106,0.2,-1.9,24.07,28.15,-70.10,-63.85,0.018,0.056,108.83,112.50,0.299,0.283,0.030,0.033,,0.008,0.169,0.189
73,130.860,130.240,1.250,1.235,96.00,97.17,65.20,64.37,34.80,35.63,10.43,6.92,65.03,64.78,24.54,28.30,30.04,30.04,1.073,1.121,0.911,0.931,336.6,340.3,3.187,3.292,2.4,-0.2,24.33,25.78,-59.99,-62.97,0.022,-0.022,106.65,107.31,0.273,0.296,0.039,0.047,0.003,0.016,0.176,0.187
74,132.060,131.455,1.200,1.215,100.00,98.77,65.42,65.84,34.58,34.16,9.55,10.62,64.33,60.62,26.11,28.75,30.17,30.17,1.058,1.102,0.925,0.920,359.6,337.5,3.405,3.296,-0.8,1.8,23.72,25.99,-65.31,-64.36,0.031,0.068,110.25,110.26,0.302,0.312,0.049,0.053,,0.015,0.166,0.166
75,133.285,132.665,1.225,1.210,97.96,99.17,65.31,64.46,34.69,35.54,10.00,9.62,61.88,62.18,28.12,28.21,31.38,31.38,1.144,1.060,0.931,0.908,349.8,361.1,3.393,3.339,3.7,0.5,25.91,29.71,-70.83,-64.82,0.043,0.019,106.58,114.35,0.325,0.315,0.057,0.058,0.007,0.029,0.189,0.211
76,134.475,133.860,1.190,1.195,100.84,100.42,63.87,66.95,36.13,33.05,11.18,11.25,60.53,60.62,28.29,28.12,29.55,29.55,1.098,1.016,0.960,0.930,355.5,377.2,3.393,3.289,-3.8,3.4,26.22,30.16,-68.37,-67.90,0.078,-0.011,111.47,116.04,0.317,0.319,0.055,0.053,0.016,0.042,0.219,0.232
77,135.690,135.095,1.215,1.235,98.77,97.17,66.67,64.37,33.33,35.63,13.58,11.32,60.49,61.01,25.93,27.67,31.28,31.28,1.119,1.080,0.941,0.933,372.3,351.3,3.544,3.279,0.1,-3.8,26.72,28.69,-68.41,-64.05,0.036,0.021,108.31,111.38,0.323,0.302,0.058,0.045,0.017,0.019,0.209,0.199
78,136.940,136.310,1.250,1.215,96.00,98.77,65.60,64.61,34.40,35.39,11.59,8.28,60.98,62.42,27.44,29.30,31.71,31.71,1.158,1.169,0.968,0.974,340.0,360.3,3.472,3.405,3.3,4.0,23.86,30.40,-64.72,-67.26,0.031,-0.062,108.24,108.69,0.323,0.319,0.071,0.052,0.030,0.031,0.197,0.219
79,138.150,137.540,1.210,1.230,99.17,97.56,64.46,66.67,35.54,33.33,8.97,12.20,63.46,59.76,27.56,28.05,30.20,30.20,1.204,1.184,1.018,0.992,347.3,395.6,3.502,3.496,1.4,3.3,23.88,30.21,-65.62,-67.90,0.047,-0.049,105.68,108.92,0.283,0.311,0.032,0.047,,0.033,0.181,0.230
80,139.385,138.765,1.235,1.225,97.17,97.96,65.18,65.31,34.82,34.69,10.56,10.00,62.73,61.88,26.71,28.12,30.77,30.77,1.136,1.132,0.944,0.986,365.7,356.0,3.391,3.326,-1.3,-0.5,25.98,28.76,-65.74,-61.05,0.030,0.075,106.27,112.44,0.304,0.292,0.051,0.047,0.012,0.027,0.192,0.204
81,140.605,140.000,1.220,1.235,98.36,97.17,65.57,65.59,34.43,34.41,11.88,9.88,61.25,62.35,26.88,27.78,31.93,31.93,1.153,1.183,0.939,0.983,369.9,395.4,3.462,3.392,-0.4,-0.1,24.41,30.14,-65.35,-67.75,0.030,0.050,105.75,110.08,0.302,0.322,0.048,0.055,0.008,0.038,0.184,0.225
82,141.825,141.190,1.220,1.190,98.36,100.84,65.16,67.23,34.84,32.77,9.43,10.62,64.78,60.62,25.79,28.75,30.24,30.24,1.096,1.048,0.952,0.928,355.6,412.4,3.304,3.299,2.3,1.9,30.01,28.97,-58.88,-64.84,0.061,0.021,113.00,108.78,0.301,0.301,0.071,0.043,0.044,0.031,0.247,0.196
83,143.055,142.430,1.230,1.240,97.56,96.77,65.04,64.52,34.96,35.48,15.62,10.62,55.00,60.00,29.38,29.38,31.43,31.43,1.213,1.119,1.023,1.022,356.5,387.3,3.577,3.338,-1.6,-0.2,27.57,32.55,-67.07,-66.89,0.043,-0.073,106.83,113.92,0.324,0.297,0.067,0.034,0.028,0.006,0.214,0.217
84,144.270,143.655,1.215,1.225,98.77,97.96,65.02,66.53,34.98,33.47,8.86,11.04,64.56,58.90,26.58,30.06,31.15,31.15,1.108,1.021,0.909,0.873,360.3,410.2,3.320,3.313,0.7,0.6,25.40,29.97,-64.62,-69.32,0.030,0.040,106.92,114.81,0.292,0.315,0.040,0.048,0.011,0.029,0.194,0.226
85,145.480,144.875,1.210,1.220,99.17,98.36,64.88,65.98,35.12,34.02,10.19,10.56,63.06,61.49,26.75,27.95,31.56,31.56,1.093,1.039,0.928,0.936,349.8,376.5,3.325,3.404,-2.5,-0.4,22.31,30.22,-62.09,-64.85,0.024,0.019,106.16,114.76,0.299,0.303,0.055,0.042,0.020,0.013,0.166,0.185
86,146.700,146.095,1.220,1.220,98.36,98.36,66.39,66.39,33.61,33.61,9.26,9.88,63.58,62.35,27.16,27.78,30.45,30.45,1.143,0.975,0.955,0.883,360.3,370.0,3.523,3.142,1.9,-1.0,21.08,26.43,-64.07,-62.65,0.019,0.045,104.51,113.64,0.298,0.278,0.047,0.029,0.010,0.014,0.162,0.188
87,147.910,147.310,1.210,1.215,99.17,98.77,66.12,64.20,33.88,35.80,7.50,8.97,65.00,62.18,27.50,28.85,31.95,31.95,1.038,1.103,0.846,0.899,363.5,356.5,3.352,3.288,-1.6,-2.2,22.86,29.20,-63.96,-61.86,0.038,-0.042,108.66,108.33,0.288,0.298,0.040,0.049,0.008,0.019,0.177,0.192
88,149.145,148.515,1.235,1.205,97.17,99.59,65.18,65.98,34.82,34.02,10.56,8.81,65.84,66.04,23.60,25.16,33.20,33.20,1.051,0.976,0.901,0.849,322.9,348.4,3.138,3.090,0.5,2.2,25.22,23.79,-54.76,-60.61,0.054,-0.019,107.33,112.38,0.262,0.297,0.049,0.056,0.026,0.040,0.197,0.198
89,150.355,149.735,1.210,1.220,99.17,98.36,64.46,68.44,35.54,31.56,12.82,6.59,62.82,64.07,24.36,29.34,31.67,31.67,1.215,1.095,1.026,0.878,329.5,387.7,3.462,3.432,2.3,4.3,22.81,29.51,-57.88,-66.42,0.033,-0.019,105.08,106.31,0.278,0.297,0.048,0.032,0.014,0.006,0.173,0.173
90,151.545,150.935,1.190,1.200,100.84,100.00,65.55,67.50,34.45,32.50,10.26,11.11,62.82,61.73,26.92,27.16,32.23,32.23,1.091,1.118,0.922,0.959,361.8,399.0,3.327,3.460,0.3,-2.4,23.43,30.15,-62.19,-61.28,0.025,0.027,106.80,107.35,0.309,0.287,0.065,0.040,0.023,0.030,0.183,0.217
91,152.755,152.145,1.210,1.210,99.17,99.17,65.29,66.12,34.71,33.88,9.49,11.88,62.66,60.62,27.85,27.50,31.30,31.30,1.172,1.054,0.968,0.970,345.7,390.4,3.451,3.278,-2.8,-0.7,25.71,30.71,-65.63,-63.87,0.041,-0.066,105.56,114.12,0.295,0.295,0.038,0.041,0.007,0.027,0.198,0.228
92,153.980,153.375,1.225,1.230,97.96,97.56,67.76,65.45,32.24,34.55,10.84,11.80,63.25,62.11,25.90,26.09,32.50,32.50,1.049,1.146,0.884,0.930,381.8,369.9,3.414,3.380,0.8,2.1,24.54,27.55,-64.96,-59.82,0.023,0.036,107.83,107.46,0.300,0.291,0.050,0.047,0.019,0.024,0.193,0.195
93,155.215,154.575,1.235,1.200,97.17,100.00,64.78,65.42,35.22,34.58,10.00,7.01,63.12,64.33,26.88,28.66,30.56,30.56,1.135,1.006,0.954,0.927,344.0,404.9,3.390,3.310,1.5,-3.7,25.57,29.41,-67.25,-62.97,0.046,-0.020,108.26,113.47,0.313,0.298,0.055,0.050,0.016,0.034,0.203,0.223
94,156.440,155.835,1.225,1.260,97.96,95.24,66.53,65.08,33.47,34.92,10.43,10.98,61.96,61.59,27.61,27.44,30.65,30.65,1.117,1.100,0.935,0.907,380.3,379.1,3.514,3.366,-2.4,3.5,25.62,29.63,-67.02,-65.20,0.030,-0.048,110.17,115.40,0.312,0.336,0.054,0.080,0.025,0.055,0.213,0.225
95,157.690,157.075,1.250,1.240,96.00,96.77,66.40,63.71,33.60,36.29,11.45,10.13,63.86,62.03,24.70,27.85,30.74,30.74,1.147,0.957,0.942,0.828,368.9,365.6,3.444,3.072,1.7,-2.4,25.20,30.51,-60.78,-58.77,0.022,0.040,106.05,117.32,0.286,0.277,0.049,0.037,0.021,0.015,0.194,0.207
96,158.910,158.295,1.220,1.220,98.36,98.36,64.34,65.16,35.66,34.84,9.55,13.21,63.69,58.49,26.75,28.30,30.34,30.34,1.104,1.134,0.943,1.005,368.4,341.8,3.392,3.316,1.1,7.3,27.84,25.78,-62.66,-60.63,0.053,-0.039,111.41,109.25,0.318,0.296,0.076,0.054,0.048,0.035,0.235,0.198
97,160.095,159.465,1.185,1.170,101.27,102.56,62.45,67.52,37.55,32.48,10.81,8.86,62.84,63.29,26.35,27.85,32.48,32.48,1.246,1.104,1.081,1.006,351.0,419.9,3.447,3.598,1.1,0.5,26.77,28.30,-62.01,-68.09,0.059,-0.117,107.06,117.21,0.302,0.314,0.061,0.047,0.032,0.030,0.225,0.202
98,161.280,160.635,1.185,1.170,101.27,102.56,57.81,70.51,42.19,29.49,13.87,9.70,65.69,61.82,20.44,28.48,24.81,24.81,1.069,1.056,0.918,1.004,344.9,374.4,,3.485,1.1,1.1,29.09,25.59,-54.93,-65.07,0.043,-0.061,109.63,111.33,0.261,0.304,,0.045,,0.031,,0.189
99,162.590,161.945,1.310,1.310,91.60,91.60,64.50,62.98,35.50,37.02,11.24,7.27,63.31,66.67,25.44,26.06,30.43,30.43,1.143,1.133,0.895,0.921,324.8,341.2,3.146,2.985,0.1,-0.5,26.37,32.43,-56.98,-51.79,0.015,0.042,106.00,110.35,0.246,0.266,0.023,0.048,0.001,0.035,0.199,0.225
100,163.870,163.210,1.280,1.265,93.75,94.86,62.11,67.19,37.89,32.81,9.43,12.35,64.15,59.41,26.42,28.24,27.76,27.76,1.082,1.076,0.883,0.902,343.0,380.3,3.177,3.380,-2.5,-3.4,33.78,27.23,-61.81,-60.21,0.080,0.056,113.50,113.20,0.287,0.281,0.041,0.036,0.016,0.016,0.260,0.191
101,165.175,164.525,1.305,1.315,91.95,91.25,65.52,64.64,34.48,35.36,14.62,8.82,58.48,63.53,26.90,27.65,29.57,29.57,1.130,1.204,0.918,1.004,345.7,366.2,3.316,3.315,-1.9,-0.9,26.50,30.84,-67.85,-65.95,0.027,-0.134,108.44,115.79,0.307,0.337,0.043,0.083,0.015,0.049,0.216,0.226
102,166.455,165.810,1.280,1.285,93.75,93.39,66.41,64.59,33.59,35.41,5.88,14.46,68.24,57.23,25.88,28.31,31.50,31.50,1.130,1.207,0.903,0.973,349.1,320.8,3.281,3.209,1.5,0.5,26.09,27.69,-64.35,-63.88,0.038,-0.026,108.73,105.63,0.303,0.312,0.055,0.062,0.031,0.026,0.225,0.189
103,167.690,167.080,1.235,1.270,97.17,94.49,67.21,65.35,32.79,34.65,9.64,9.64,63.25,62.05,27.11,28.31,33.07,33.07,1.113,1.022,0.934,0.850,371.0,348.9,3.464,3.152,0.9,0.3,21.52,27.35,-67.66,-61.63,0.023,0.018,105.57,112.43,0.303,0.301,0.045,0.055,0.010,0.022,0.173,0.184
104,168.910,168.335,1.220,1.255,98.36,95.62,66.39,65.34,33.61,34.66,8.02,6.10,66.67,67.07,25.31,26.83,29.87,29.87,1.146,1.182,0.958,0.951,378.4,346.8,3.553,3.361,3.8,-3.6,25.65,29.29,-66.36,-60.84,0.019,-0.045,107.19,108.12,0.317,0.307,0.059,0.062,0.011,0.032,0.186,0.204
105,170.080,169.490,1.170,1.155,102.56,103.90,64.53,65.37,35.47,34.63,10.60,10.60,61.59,58.28,27.81,31.13,30.49,30.49,0.954,0.997,0.417,0.938,366.7,407.7,3.215,3.377,5.1,1.5,25.85,30.06,-61.55,-66.39,0.031,0.033,114.33,119.80,0.296,0.299,0.035,0.038,0.003,0.029,0.183,0.226
106,,170.720,,1.230,,97.56,,64.23,,35.77,,9.49,,60.76,,29.75,,,,0.843,,0.414,,286.3,,,,6.2,,2.63,,-59.30,,-0.040,,109.57,,0.272,,,,,,
,,,,,,,,,,,,,,,,,,,,,,,,,,,,,,,,,,,,,,,,,,,,
